{
  "assetsByChunkName": {
    "vendors~app-account~app-confirmation~app-order": "chunk.4b969bc5a3810bd6ffc4.js",
    "vendors~app-account~app-checkout": "chunk.7eae4be64131b89a2fa1.js",
    "vendors~app-cart~app-checkout": "chunk.6b3679b4073362e9d1c9.js",
    "admin": [
      "admin.b8491418cedadd63750e.js",
      "admin.b8491418cedadd63750e.js.map"
    ],
    "app-account": "chunk.4ac253582a2394af3c65.js",
    "app-checkout": "chunk.1b54036b3c713efb7003.js",
    "app-confirmation": "chunk.b4e2d41a48f9c095da35.js",
    "checkout": [
      "checkout.9871500b9c7c34af96c8.js",
      "checkout.9871500b9c7c34af96c8.js.map"
    ],
    "storefront": [
      "storefront.d94c0ef1c0ac07854f49.css",
      "storefront.3aef1d269265c64cf627.js",
      "storefront.d94c0ef1c0ac07854f49.css.map",
      "storefront.3aef1d269265c64cf627.js.map"
    ],
    "vendors~app-cart": "chunk.5a51b8b2865889225285.js",
    "vendors~app-order": "chunk.c0f2eca6d7d791edf42f.js"
  }
}